param,delta,T_peak,tau_150_190,tau_217,q3_A,q3_feasible,q4_J_sym,q4_feasible,delta_label,dA,dTpeak
baseline,0.0,240.00041683419255,60.04191849116121,45.70219099450625,344.54735962057794,True,0.16241529357515797,True,,,
eta_pre,-0.05,239.69260632268634,55.97022747998528,44.97525172484171,333.46904785280844,False,0.1599341237177884,False,-5%,-11.078311767769492,-0.3078105115062044
eta_pre,0.05,240.28135193662126,63.688811932651106,46.37117967701124,355.44710797902525,True,0.16569103120372508,True,+5%,10.899748358447312,0.2809351024287139
eta_soak,-0.05,239.92033879623733,60.32923112649628,45.512464110206,342.0610217568728,False,0.1625664762486054,True,-5%,-2.4863378637051596,-0.08007803795521795
eta_soak,0.05,240.0790303188759,59.75779071054329,45.88884725457547,347.57091349034,False,0.1633295891297992,False,+5%,3.023553869762054,0.07861348468335905
eta_ref,-0.05,238.368124280021,60.97680681944301,43.167574835905356,301.41925900878107,False,0.1692401658530033,False,-5%,-43.12810061179687,-1.6322925541715563
eta_ref,0.05,241.521665151975,59.196048237266,48.012723570910964,387.8376049672106,False,0.1570943889105356,False,+5%,43.29024534663267,1.5212483177824367
eta_cool,-0.05,239.99926695080575,60.04191849116121,46.62602642633041,344.54713816206265,False,0.13918476231059415,True,-5%,-0.0002214585152842119,-0.0011498833868017755
eta_cool,0.05,240.00156655636235,60.04191849116121,44.86630207305876,344.54758105976924,True,0.18426614515329165,True,+5%,0.00022143919130712675,0.001149722169799361
